Alex;alex
SantaClause;Christmas
OskarWylde;Whoisthat?
Peter Panther;Phanterus
WeirdBeard;nugget123
ChungusTheFungus;walkingDictionary_
Deja View;Kermitted4Life
PillC0sby;YeetDaEgg?
Kishibe Rohan;ThusSpoke.
DeadMan's;Questions.
Jolyne;Fly High with GUCCI
Ayka;IsThis@JojoReference?Yeah.
Lockdown;GoAwayPls
HelloWorld;ByeW0rld
Max Mustermann;Musterus
Twitter;Tiktok
DerekMathilda;DidyoudoYourExcercises?
ayka;false
everyting;works
andsvklöasndvklöasndvlöasndvlasndvlknasdvnksdavnklasdövnkasdvnklasdvnkasdlnlasdövnasdvnasldvnalskdövnksadlvnklasdvnlöasdvnaslödnasnldkvasndklvnasdklvnasldvnsadlönalsdövnasdklnvsadnklöansdnsödavknsdnf;aaa
